Rank,Name,Team,Position,Salary
1,Nathan MacKinnon,COL,C,12600000
2,Connor McDavid,EDM,C,12500000
3,Artemi Panarin,NYR,LW,11642857
4,Auston Matthews,TOR,C,11640250
5,Erik Karlsson,PIT,D,11500000
6,David Pastrnak,BOS,RW,11250000
7,Drew Doughty,LAK,D,11000000
,John Tavares,TOR,C,11000000
9,Mitchell Marner,TOR,RW,10903000
10,Carey Price,MTL,G,10500000
,Jonathan Huberdeau,CGY,LW,10500000
12,Aleksander Barkov,FLA,C,10000000
,Anze Kopitar,LAK,C,10000000
,Jack Eichel,VGK,C,10000000
,Sergei Bobrovsky,FLA,G,10000000
16,Tyler Seguin,DAL,C,9850000
17,Johnny Gaudreau,CBJ,LW,9750000
18,Zachary Werenski,CBJ,D,9583333
19,Adam Fox,NYR,D,9500000
,Alex Ovechkin,WAS,LW,9500000
,Andrei Vasilevskiy,TBL,G,9500000
,Brayden Point,TBL,C,9500000
,Charles Mcavoy,BOS,D,9500000
,Jamie Benn,DAL,LW,9500000
,Mark Stone,VGK,RW,9500000
,Matthew Tkachuk,FLA,LW,9500000
,Nikita Kucherov,TBL,RW,9500000
,Seth Jones,CHI,D,9500000
29,Darnell Nurse,EDM,D,9250000
,Mikko Rantanen,COL,RW,9250000
31,Nicklas Backstrom,WAS,C,9200000
32,Mathew Barzal,NYI,C,9150000
33,Roman Josi,NSH,D,9059000
34,Cale Makar,COL,D,9000000
,Dougie Hamilton,NJD,D,9000000
,Jeff Skinner,BUF,LW,9000000
,Kirill Kaprizov,MIN,LW,9000000
38,Alex Pietrangelo,VGK,D,8800000
,Timo Meier,NJD,LW,8800000
40,Dylan Larkin,DET,C,8700000
,Patrik Laine,CBJ,RW,8700000
,Sidney Crosby,PIT,C,8700000
43,Bo Horvat,NYI,C,8500000
,Filip Forsberg,NSH,C,8500000
,Leon Draisaitl,EDM,C,8500000
,Mika Zibanejad,NYR,C,8500000
,Mikhail Sergachev,TBL,D,8500000
,Pierre-Luc Dubois,LAK,C,8500000
,Steven Stamkos,TBL,C,8500000
50,Sebastian Aho,CAR,LW,8460250
51,Miro Heiskanen,DAL,D,8450000
,Roope Hintz,DAL,LW,8450000
53,Tim Stützle,OTT,C,8350000
54,Jakub Voracek,ARI,RW,8250063
55,Brady Tkachuk,OTT,LW,8205714
56,Tomas Hertl,VGK,C,8137500
57,Jordan Kyrou,STL,C,8125000
,Robert Thomas,STL,C,8125000
59,Brent Burns,CAR,D,8000000
,J.T. Miller,VAN,C,8000000
,Jack Hughes,NJD,C,8000000
,Jacob Trouba,NYR,D,8000000
,John Carlson,WAS,D,8000000
,Logan Couture,SJS,C,8000000
,Ryan Johansen,PHI,C,8000000
,Thomas Chabot,OTT,D,8000000
67,Josh Norris,OTT,C,7950000
68,Alexander Debrincat,DET,RW,7875000
,Jesper Bratt,NJD,LW,7875000
,Kevin Fiala,LAK,LW,7875000
,Nick Suzuki,MTL,C,7875000
,Victor Hedman,TBL,D,7875000
73,Shea Weber,ARI,D,7857143
74,Cole Caufield,MTL,RW,7850000
,Quinn Hughes,VAN,D,7850000
76,Evgeny Kuznetsov,CAR,C,7800000
77,Andrei Svechnikov,CAR,RW,7750000
,Dmitry Orlov,CAR,D,7750000
,Jason Robertson,DAL,LW,7750000
,Sean Couturier,PHI,C,7750000
81,Jared Spurgeon,MIN,D,7575000
82,Aaron Ekblad,FLA,D,7500000
,Morgan Rielly,TOR,D,7500000
84,Elias Pettersson,VAN,C,7350000
,Vince Dunn,SEA,D,7350000
86,Nico Hischier,NJD,C,7250000
87,Clayton Keller,ARI,C,7150000
88,Kevin Hayes,STL,C,7142857
,Kyle Connor,WPG,LW,7142857
,Tage Thompson,BUF,C,7142857
91,Dylan Cozens,BUF,C,7100000
92,Anders Lee,NYI,C,7000000
,Gabriel Landeskog,COL,LW,7000000
,Marc-Edouard Vlasic,SJS,D,7000000
,Matthew Boldy,MIN,LW,7000000
,Nazem Kadri,CGY,C,7000000
,Troy Terry,ANA,RW,7000000
98,William Nylander,TOR,C,6962366
99,Brent Seabrook,TBL,D,6875000
100,Ivan Provorov,CBJ,D,6750000
,Ryan McDonagh,NSH,D,6750000
102,Brock Boeser,VAN,RW,6650000
103,Brayden Schenn,STL,C,6500000
,Brendan Gallagher,MTL,RW,6500000
,Cam Fowler,ANA,D,6500000
,Chris Kreider,NYR,LW,6500000
,Claude Giroux,OTT,C,6500000
,Colton Parayko,STL,D,6500000
,Hampus Lindholm,BOS,D,6500000
,Justin Faulk,STL,D,6500000
,Sam Reinhart,FLA,C,6500000
,Torey Krug,STL,D,6500000
113,John Gibson,ANA,G,6400000
114,Alexander Killorn,ANA,C,6250000
,Anthony Cirelli,TBL,C,6250000
,Damon Severson,CBJ,D,6250000
,Jeff Petry,DET,D,6250000
,Joshua Morrissey,WPG,D,6250000
,MacKenzie Weegar,CGY,D,6250000
,Matthew Murray,TOR,G,6250000
,Mattias Ekholm,EDM,D,6250000
,Ryan Ellis,PHI,D,6250000
,Travis Sanheim,PHI,D,6250000
124,Connor Hellebuyck,WPG,G,6166666
125,Ryan Pulock,NYI,D,6150000
126,Brad Marchand,BOS,LW,6125000
,Mark Scheifele,WPG,C,6125000
,Valeri Nichushkin,COL,RW,6125000
129,Evgeni Malkin,PIT,C,6100000
,Kris Letang,PIT,D,6100000
131,Brock Nelson,NYI,C,6000000
,Jacob Markstrom,CGY,G,6000000
,Jake Guentzel,CAR,C,6000000
,Jonas Brodin,MIN,D,6000000
,Jordan Binnington,STL,G,6000000
,Mats Zuccarello-Aasen,MIN,RW,6000000
,Nikolaj Ehlers,WPG,LW,6000000
,Ondrej Palat,NJD,LW,6000000
,Rasmus Dahlin,BUF,D,6000000
,Taylor Hall,CHI,LW,6000000
,Tyler Myers,VAN,D,6000000
142,Nate Schmidt,WPG,D,5950000
143,Phillip Grubauer,SEA,G,5900000
,William Karlsson,VGK,C,5900000
145,Cameron Atkinson,PHI,RW,5875000
,Neal Pionk,WPG,D,5875000
,Vladislav Gavrikov,LAK,D,5875000
148,Nick Schmaltz,ARI,C,5850000
149,Adam Henrique,EDM,C,5825000
150,Andrew Mangiapane,CGY,LW,5800000
,Esa Lindell,DAL,D,5800000
,Pavel Buchnevich,STL,LW,5800000
153,Adam Pelech,NYI,D,5750000
,T.J. Oshie,WAS,RW,5750000
,Trevor Zegras,ANA,C,5750000
156,Anthony Mantha,VGK,RW,5700000
157,Igor Shesterkin,NYR,G,5666667
158,Andrew Copp,DET,C,5625000
,Jacob Muzzin,TOR,D,5625000
,Vincent Trocheck,NYR,C,5625000
161,Adrian Kempe,LAK,LW,5500000
,Andre Burakovsky,SEA,LW,5500000
,Andrei Kuzmenko,CGY,LW,5500000
,Jaden Schwartz,SEA,LW,5500000
,Jordan Eberle,SEA,RW,5500000
,Josh Anderson,MTL,RW,5500000
,Phillip Danault,LAK,C,5500000
,Travis Konecny,PHI,C,5500000
,Tyler Bertuzzi,TOR,LW,5500000
,Zach Hyman,EDM,C,5500000
171,Elvis Merzlikins,CBJ,G,5400000
,Oliver Bjorkstrand,SEA,RW,5400000
,Teuvo Teravainen,CAR,C,5400000
174,Tristan Jarry,PIT,G,5375000
175,Mikael Backlund,CGY,C,5350000
176,Jaccob Slavin,CAR,D,5300000
,Jason Zucker,NSH,LW,5300000
178,Bryan Little,ARI,C,5291000
179,Alec Martinez,VGK,D,5250000
,Brady Skjei,CAR,D,5250000
,Charlie Coyle,BOS,C,5250000
,Darcy Kuemper,WAS,G,5250000
,Jakob Silfverberg,ANA,RW,5250000
,Joel Eriksson Ek,MIN,C,5250000
185,Erik Cernak,TBL,D,5200000
,Shea Theodore,VGK,D,5200000
187,Thomas Wilson,WAS,RW,5166668
188,Yanni Gourde,SEA,C,5166666
189,Bryan Rust,PIT,RW,5125000
,Evander Kane,EDM,LW,5125000
,Ryan Nugent-Hopkins,EDM,C,5125000
192,J.T Compher,DET,C,5100000
,Rasmus Ristolainen,PHI,D,5100000
194,Dylan Strome,WAS,C,5000000
,Ivan Barbashev,VGK,C,5000000
,Jared McCann,SEA,LW,5000000
,Jean-Gabriel Pageau,NYI,C,5000000
,Joel Farabee,PHI,LW,5000000
,Jonathan Marchessault,VGK,C,5000000
,Juuse Saros,NSH,G,5000000
,Kyle Palmieri,NYI,RW,5000000
,Linus Ullmark,BOS,G,5000000
,Mikael Granlund,SJS,C,5000000
,Reilly Smith,PIT,RW,5000000
,Rickard Rakell,PIT,C,5000000
,Robin Lehner,VGK,G,5000000
,Ryan Strome,ANA,C,5000000
,Samuel Girard,COL,D,5000000
,T.J. Brodie,TOR,D,5000000
,Thatcher Demko,VAN,G,5000000
,Tyler Johnson,CHI,C,5000000
,Vladimir Tarasenko,FLA,RW,5000000
213,Drake Batherson,OTT,C,4975000
214,Conor Garland,VAN,RW,4950000
,Noah Hanifin,VGK,D,4950000
216,Adin Hill,VGK,G,4900000
,Blake Coleman,CGY,C,4900000
218,Michael Matheson,MTL,D,4875000
219,Elias Lindholm,VAN,C,4850000
220,Jesperi Kotkaniemi,CAR,C,4820000
221,Alex Tuch,BUF,RW,4750000
,Ben Chiarot,DET,D,4750000
,David Perron,DET,LW,4750000
,Ilya Mikheyev,VAN,LW,4750000
,Pavel Zacha,BOS,C,4750000
,Victor Olofsson,BUF,RW,4750000
,Ville Husso,DET,G,4750000
228,Kevin Labanc,SJS,RW,4725000
229,Artem Zub,OTT,D,4600000
,Jakob Chychrun,OTT,D,4600000
,Jamie Oleksiak,SEA,D,4600000
232,Rasmus Andersson,CGY,D,4550000
233,Alexander Wennberg,NYR,C,4500000
,Artturi Lehkonen,COL,LW,4500000
,Brandon Saad,STL,LW,4500000
,Chris Tanev,DAL,D,4500000
,Josh Manson,COL,D,4500000
,Mason Marchment,DAL,LW,4500000
,Michael Bunting,PIT,LW,4500000
,Mike Hoffman,SJS,LW,4500000
,Nikita Zaitsev,CHI,D,4500000
,Ryan Graves,PIT,D,4500000
,Ryan O'Reilly,NSH,C,4500000
,Tyson Barrie,NSH,D,4500000
245,Christian Dvorak,MTL,C,4450000
246,Filip Chytil,NYR,LW,4437500
247,Sam Bennett,FLA,C,4425000
248,Connor Murphy,CHI,D,4400000
,Filip Hronek,VAN,D,4400000
,John Marino,NJD,D,4400000
251,Lawson Crouse,ARI,LW,4300000
252,Mattias Samuelsson,BUF,D,4285714
253,Andreas Athanasiou,CHI,C,4250000
,Tyler Toffoli,WPG,RW,4250000
,Viktor Arvidsson,LAK,LW,4250000
256,Trevor Moore,LAK,LW,4200000
257,Carter Verhaeghe,FLA,C,4166667
258,Anthony Beauvillier,NSH,LW,4150000
,John Klingberg,TOR,D,4150000
260,Michael Anderson,LAK,D,4125000
,Shayne Gostisbehere,DET,D,4125000
262,Brandon Carlo,BOS,D,4100000
,Devon Toews,COL,D,4100000
264,Nick Jensen,WAS,D,4050000
265,Marcus Pettersson,PIT,D,4025175
266,Brett Pesce,CAR,D,4025000
267,Adam Larsson,SEA,D,4000000
,Alex Iafallo,WPG,C,4000000
,Erik Gudbranson,CBJ,D,4000000
,Ilya Sorokin,NYI,G,4000000
,Jack Roslovic,NYR,C,4000000
,Jake DeBrusk,BOS,LW,4000000
,Jake McCabe,TOR,D,4000000
,Jake Oettinger,DAL,G,4000000
,Joonas Korpisalo,OTT,G,4000000
,Nick Foligno,CHI,LW,4000000
,Nick Leddy,STL,D,4000000
,Nino Niederreiter,WPG,RW,4000000
,Noah Dobson,NYI,D,4000000
,Radko Gudas,ANA,D,4000000
,Robby Fabbri,DET,C,4000000
,Ross Colton,COL,C,4000000
283,Brenden Dillon,WPG,D,3900000
,Evan Bouchard,EDM,D,3900000
,Mathew Dumba,TBL,D,3900000
286,K'Andre Miller,NYR,D,3872000
287,Bowen Byram,BUF,D,3850000
,Jake Allen,NJD,G,3850000
289,Petr Mrazek,CHI,G,3800000
290,Boone Jenner,CBJ,C,3750000
,Filip Gustavsson,MIN,G,3750000
,Nikita Zadorov,VAN,D,3750000
293,Matthew Grzelcyk,BOS,D,3687500
294,Frank Vatrano,ANA,LW,3650000
,Ryan Suter,DAL,D,3650000
296,Barclay Goodrow,NYR,LW,3641666
297,Ilya Samsonov,TOR,G,3550000
298,Alexander Kerfoot,ARI,C,3500000
,Brandon Montour,FLA,D,3500000
,Brandon Tanev,SEA,C,3500000
,David Savard,MTL,D,3500000
,Joe Pavelski,DAL,C,3500000
,Joel Edmundson,TOR,D,3500000
,Marc-Andre Fleury,MIN,G,3500000
,Scott Mayfield,NYI,D,3500000
306,Jeremy Swayman,BOS,G,3475000
307,Gabe Vilardi,WPG,C,3437500
308,Matias Maccelli,ARI,LW,3425000
309,Alexander Georgiev,COL,G,3400000
,Frederik Andersen,CAR,G,3400000
,Jake Walman,DET,D,3400000
,Joel Armia,MTL,RW,3400000
,Jonas Siegenthaler,NJD,D,3400000
,Justin Holl,DET,D,3400000
,Vitek Vanecek,SJS,G,3400000
316,Kirby Dach,MTL,C,3362500
317,Connor Clifton,BUF,D,3333333
318,Marco Scandella,STL,D,3275000
319,Adam Lowry,WPG,LW,3250000
,Carson Soucy,VAN,D,3250000
,Cody Ceci,EDM,D,3250000
,Erik Johnson,PHI,D,3250000
,Mario Ferraro,SJS,D,3250000
,Radek Faksa,DAL,C,3250000
,Tanner Pearson,MTL,LW,3250000
326,Kasperi Kapanen,STL,RW,3200000
327,Gustav Nyquist,NSH,RW,3185000
328,Brian Dumoulin,SEA,D,3150000
,Erik Haula,NJD,C,3150000
,Matt Roy,LAK,D,3150000
,Nicholas Paul,TBL,C,3150000
332,Jeff Carter,PIT,C,3125000
333,Marcus Foligno,MIN,LW,3100000
,Yegor Sharangovich,CGY,C,3100000
335,Anthony Duclair,TBL,LW,3000000
,Derek Forbort,BOS,D,3000000
,Dylan Demelo,WPG,D,3000000
,Evan Rodrigues,FLA,LW,3000000
,Ian Cole,VAN,D,3000000
,Jordan Greenway,BUF,LW,3000000
,Justin Schultz,SEA,D,3000000
,Martin Necas,CAR,C,3000000
,Matt Duchene,DAL,C,3000000
,Max Domi,TOR,LW,3000000
,Nicolas Roy,VGK,C,3000000
,Olli Maatta,DET,D,3000000
,Pierre Engvall,NYI,LW,3000000
,Ryan Lindgren,NYR,D,3000000
,Scott Laughton,PHI,C,3000000
,Trevor Van Riemsdyk,WAS,D,3000000
351,Mathieu Joseph,OTT,RW,2950000
352,Alex Newhook,MTL,C,2900000
,Jordan Staal,CAR,C,2900000
354,Colton Sissons,NSH,C,2857412
355,Brayden McNabb,VGK,D,2850000
356,Andrew Peeke,BOS,D,2750000
,Anton Forsberg,OTT,G,2750000
,Brett Kulak,EDM,D,2750000
,Brock McGinn,ANA,LW,2750000
,Chandler Stephenson,VGK,C,2750000
,Ilya Lyubushkin,TOR,D,2750000
,Jan Rutta,SJS,D,2750000
,Kaapo Kahkonen,NJD,G,2750000
,Luke Kunin,SJS,C,2750000
,Luke Schenn,NSH,D,2750000
,Patrick Kane,DET,RW,2750000
,Semyon Varlamov,NYI,G,2750000
,Warren Foegele,EDM,LW,2750000
,Zach Whitecloud,VGK,D,2750000
370,Karel Vejmelka,ARI,G,2725000
371,William Borgen,SEA,D,2700000
372,Martin Fehervary,WAS,D,2675000
373,Gustav Forsling,FLA,D,2666667
374,Tanner Jeannot,TBL,LW,2665000
375,Jason Dickinson,CHI,C,2650000
,Sean Walker,COL,D,2650000
377,Noah Cates,PHI,LW,2625000
378,Adam Boqvist,CBJ,D,2600000
,Stuart Skinner,EDM,G,2600000
380,Alex Carrier,NSH,D,2500000
,Alexander Barabanov,SJS,RW,2500000
,Alexander Romanov,NYI,D,2500000
,Casey Cizikas,NYI,C,2500000
,Casey Mittelstadt,COL,C,2500000
,Cody Glass,NSH,C,2500000
,Dante Fabbro,NSH,D,2500000
,Dominik Kubalik,OTT,LW,2500000
,Henri Jokiharju,BUF,D,2500000
,Kyle Okposo,FLA,RW,2500000
,Miles Wood,COL,LW,2500000
,Niko Mikkola,FLA,D,2500000
,Oliver Kylington,CGY,D,2500000
,Sean Kuraly,CBJ,C,2500000
,Tucker Poolman,VAN,D,2500000
,Zemgus Girgensons,BUF,C,2500000
396,Jacob Middleton,MIN,D,2450000
,Lars Eller,PIT,C,2450000
398,David Kampf,TOR,C,2400000
,Jesper Fast,CAR,RW,2400000
400,Garnet Hathaway,PHI,RW,2375000
401,MacKenzie Blackwood,SJS,G,2350000
402,Jake Bean,CBJ,D,2333333
403,Alexis Lafrenière,NYR,LW,2325000
404,Jamie Drysdale,PHI,D,2300000
,Trent Frederic,BOS,C,2300000
406,Nicolas Hague,VGK,D,2294150
407,Evgenii Dadonov,DAL,LW,2250000
,Oliver Ekman-Larsson,FLA,D,2250000
,Philipp Kurashev,CHI,C,2250000
410,Daniel Vladar,CGY,G,2200000
411,Mason Appleton,WPG,C,2166666
412,Calle Jarnkrok,TOR,C,2100000
,Frederick Gaudreau,MIN,C,2100000
,Kaapo Kakko,NYR,RW,2100000
,Morgan Frost,PHI,C,2100000
,Nick Bjugstad,ARI,C,2100000
,Ryan McLeod,EDM,C,2100000
418,Ethan Bear,WAS,D,2062500
419,Alex Goligoski,MIN,D,2000000
,Conor Sheary,TBL,LW,2000000
,Daniel Sprong,DET,RW,2000000
,Erik Brannstrom,OTT,D,2000000
,Jeremy Lauzon,NSH,D,2000000
,Kevin Lankinen,NSH,G,2000000
,Klim Kostin,SJS,RW,2000000
,Marcus Johansson,MIN,C,2000000
,Max Pacioretty,WAS,LW,2000000
,Morgan Geekie,BOS,C,2000000
,Nico Sturm,SJS,C,2000000
,Noel Acciari,PIT,C,2000000
,Pavel Francouz,COL,G,2000000
,Pyotr Kochetkov,CAR,G,2000000
,Ryan Donato,CHI,C,2000000
,Tyson Jost,BUF,C,2000000
,Vladislav Namestnikov,WPG,C,2000000
436,Sean Monahan,WPG,C,1985000
437,Connor Ingram,ARI,G,1950000
438,Brett Howden,VGK,C,1900000
,Sonny Milano,WAS,LW,1900000
,Theodor Blueger,VAN,C,1900000
441,Colin Miller,WPG,D,1850000
,Jacob Bryson,BUF,D,1850000
443,Casey DeSmith,VAN,G,1800000
,Eric Comrie,BUF,G,1800000
,Isac Lundestrom,ANA,C,1800000
,Jordan Martinook,CAR,LW,1800000
447,Barrett Hayton,ARI,C,1775000
448,Cal Clutterbuck,NYI,RW,1750000
,Laurent Brossoit,WPG,G,1750000
,Nicolas Deslauriers,PHI,LW,1750000
,Travis Boyd,ARI,LW,1750000
452,Jake Evans,MTL,C,1700000
,Ryan Hartman,MIN,RW,1700000
,Sean Durzi,ARI,D,1700000
,Yakov Trenin,COL,C,1700000
456,Anthony DeAngelo,CAR,D,1675000
,Blake Lizotte,LAK,C,1675000
458,Cameron York,PHI,D,1600000
,Eric Robinson,BUF,LW,1600000
,Pius Suter,VAN,C,1600000
461,Jack McBain,ARI,C,1599999
462,Alexandre Texier,CBJ,C,1525000
463,Alex Nedeljkovic,PIT,G,1500000
,Brandon Hagel,TBL,LW,1500000
,Eetu Luostarinen,FLA,C,1500000
,James Reimer,DET,G,1500000
,Jani Hakanpaa,DAL,D,1500000
,Kailer Yamamoto,SEA,C,1500000
,Matt Martin,NYI,LW,1500000
,Owen Tippett,PHI,RW,1500000
,Pheonix Copley,LAK,G,1500000
,Tomas Tatar,SEA,LW,1500000
473,Michael Rasmussen,DET,C,1460000
474,Eeli Tolvanen,SEA,RW,1450000
,Fabian Zetterlund,SJS,LW,1450000
476,Dylan Samberg,WPG,D,1400000
,Jordan Harris,MTL,D,1400000
,Keegan Kolesar,VGK,RW,1400000
,Rasmus Sandin,WAS,D,1400000
,Ryan Poehling,PHI,C,1400000
,Timothy Liljegren,TOR,D,1400000
,William Carrier,VGK,LW,1400000
483,Morgan Barron,WPG,C,1350000
,Nathan Bastian,NJD,RW,1350000
,Ryan Reaves,TOR,RW,1350000
486,Carl Grundstrom,LAK,RW,1300000
,Kevin Rooney,CGY,C,1300000
,Nic Dowd,WAS,C,1300000
489,Max Jones,ANA,LW,1295000
490,Joshua Brown,ARI,D,1275000
491,Alexei Toropchenko,STL,RW,1250000
,Jarred Tinordi,CHI,D,1250000
,Matthew Benning,SJS,D,1250000
494,Nicolas Aube-Kubel,WAS,RW,1225000
495,Colin Blackwell,CHI,C,1200000
,Joey Daccord,SEA,G,1200000
,Jon Merrill,MIN,D,1200000
498,Sam Lafferty,VAN,C,1150000
499,Christian Fischer,DET,C,1125000
,Nick Perbix,TBL,D,1125000
501,Anthony Stolarz,FLA,G,1100000
,Brandon Duhaime,COL,RW,1100000
,Brendan Smith,NJD,D,1100000
,Charlie Lindgren,WAS,G,1100000
,Conor Timmins,TOR,D,1100000
,Filip Zadina,SJS,RW,1100000
,Kyle Burroughs,SJS,D,1100000
,Marc Staal,PHI,D,1100000
,Mathieu Olivier,CBJ,RW,1100000
,Nick Cousins,FLA,C,1100000
,Nils Hoglander,VAN,LW,1100000
,Rafael Harvey-Pinard,MTL,LW,1100000
,Ross Johnston,ANA,LW,1100000
,Travis Hamonic,OTT,D,1100000
,Troy Stecher,EDM,D,1100000
516,Daniil Tarasov,CBJ,G,1050000
,Kevin Bahl,NJD,D,1050000
,Kevin Shattenkirk,BOS,D,1050000
,Logan O'Connor,COL,C,1050000
,Steven Lorentz,FLA,C,1050000
521,Andreas Englund,LAK,D,1000000
,Cameron Talbot,LAK,G,1000000
,Craig Smith,DAL,C,1000000
,Curtis Lazar,NJD,C,1000000
,Dmitry Kulikov,FLA,D,1000000
,James Van Riemsdyk,BOS,LW,1000000
,Juuso Valimaki,ARI,D,1000000
,Kevin Stenlund,FLA,C,1000000
,Logan Stanley,WPG,D,1000000
,Mattias Janmark,EDM,C,1000000
,Mike Reilly,NYI,D,1000000
,Milan Lucic,BOS,LW,1000000
,Patrick Maroon,BOS,LW,1000000
,Rasmus Kupari,WPG,C,1000000
,Samuel Blais,STL,LW,1000000
,Samuel Montembeault,MTL,G,1000000
,Scott Wedgewood,DAL,G,1000000
,Tomas Nosek,NJD,LW,1000000
539,Kurtis Macdermid,NJD,D,987500
540,Justin Danforth,CBJ,RW,975000
541,Arvid Söderblom,CHI,G,962500
542,Adam Fantilli,CBJ,C,950000
,Bradly Nadeau,CAR,LW,950000
,Connor Bedard,CHI,C,950000
,Cutter Gauthier,ANA,C,950000
,Gavin Brindley,CBJ,C,950000
,Gustav Lindstrom,ANA,D,950000
,Ivan Miroshnichenko,WAS,LW,950000
,Juraj Slafkovsky,MTL,LW,950000
,Lane Hutson,MTL,D,950000
,Leo Carlsson,ANA,C,950000
,Logan Cooley,ARI,C,950000
,Robert Bortuzzo,NYI,D,950000
,Zach Benson,BUF,LW,950000
555,Anton Lundell,FLA,C,925000
,Braden Schneider,NYR,D,925000
,Brock Faber,MIN,D,925000
,Cole Sillinger,CBJ,C,925000
,Dmitri Voronkov,CBJ,LW,925000
,Drew O'Connor,PIT,LW,925000
,Dylan Holloway,EDM,C,925000
,Jack Drury,CAR,C,925000
,Jackson Lacombe,ANA,D,925000
,Jake Sanderson,OTT,D,925000
,John Beecher,BOS,C,925000
,Joshua Mahura,FLA,D,925000
,Kent Johnson,CBJ,C,925000
,Kirill Marchenko,CBJ,LW,925000
,Lucas Raymond,DET,RW,925000
,Luke Hughes,NJD,D,925000
,Marat Khusnutdinov,MIN,C,925000
,Mason Lohrei,BOS,D,925000
,Matthew Knies,TOR,LW,925000
,Nils Lundkvist,DAL,D,925000
,Sam Colangelo,ANA,RW,925000
,Spencer Stastney,NSH,D,925000
,Vasily Podkolzin,VAN,RW,925000
578,Kevin Korchinski,CHI,D,918333
,Liam Ohgren,MIN,LW,918333
,Pavel Mintyukov,ANA,D,918333
,Simon Nemec,NJD,D,918333
582,Alex Vlasic,CHI,D,916667
,Owen Power,BUF,D,916667
,Scott Morrow,CAR,D,916667
,Thomas Bordeleau,SJS,C,916667
586,Henry Thrun,SJS,D,912500
587,Jackson Blake,CAR,RW,905833
588,Alex Lyon,DET,G,900000
,Derek Ryan,EDM,C,900000
,Emil Bemstrom,PIT,C,900000
,Matt Nieto,PIT,LW,900000
,Ty Dellandrea,DAL,C,900000
593,Matthew Beniers,SEA,C,897500
,Ryker Evans,SEA,D,897500
595,Alexander Holtz,NJD,RW,894167
,Arthur Kaliyev,LAK,RW,894167
,Cole Perfetti,WPG,C,894167
,Dawson Mercer,NJD,RW,894167
,Mason Mctavish,ANA,C,894167
,Quinton Byfield,LAK,C,894167
,Seth Jarvis,CAR,RW,894167
,Wyatt Johnston,DAL,C,894167
603,Cayden Primeau,MTL,G,890000
604,Janis Moser,ARI,D,886667
605,Nils Åman,VAN,C,883750
606,Vincent Iorio,WAS,D,875833
607,Alex Laferriere,LAK,RW,875000
,Cade Webber,TOR,D,875000
,David Rittich,LAK,G,875000
,Martin Jones,TOR,G,875000
611,Oliver Wahlstrom,NYI,RW,874125
612,Emil Martinsen-Lilleberg,TBL,D,870000
,Matthew Poitras,BOS,C,870000
,Uvis Balinskis,FLA,D,870000
615,Connor McMichael,WAS,C,863333
,Connor Zary,CGY,C,863333
,Hendrix Lapierre,WAS,C,863333
,Jack Quinn,BUF,RW,863333
,Kaiden Guhle,MTL,D,863333
,Marco Rossi,MIN,C,863333
,Moritz Seider,DET,D,863333
,Nolan Foote,NJD,LW,863333
,Peyton Krebs,BUF,C,863333
,Ridly Greig,OTT,LW,863333
,Simon Holmstrom,NYI,RW,863333
,Thomas Harley,DAL,D,863333
,Tyson Foerster,PHI,C,863333
,William Eklund,SJS,LW,863333
629,Samuel Ersson,PHI,G,859167
,Tye Kartye,SEA,LW,859167
631,John-Jason Peterka,BUF,C,855833
632,Ruslan Iskhakov,NYI,C,855000
633,Ben Hutton,VGK,D,850000
,Denis Gurianov,PHI,RW,850000
,Jansen Harkins,PIT,C,850000
,Sam Carrick,EDM,C,850000
,Sam Steel,DAL,C,850000
,Urho Vaakanainen,ANA,D,850000
,Zach Bogosian,MIN,D,850000
640,Olen Zellweger,ANA,D,844167
641,Angus Crookshank,OTT,LW,838333
642,Ukko-Pekka Luukkonen,BUF,G,837500
643,Jake Neighbours,STL,LW,835833
644,Mark Kastelic,OTT,C,835000
645,Arber Xhekaj,MTL,D,828333
,Will Cuylle,NYR,LW,828333
647,Alexander Alexeyev,WAS,D,825000
,Andrew Cogliano,COL,LW,825000
,Calen Addison,SJS,D,825000
,Dakota Joshua,VAN,C,825000
,Erik Gustafsson,NYR,D,825000
,Joe Veleno,DET,C,825000
,Jonathan Drouin,COL,LW,825000
,Jonathan Quick,NYR,G,825000
,Pavel Dorofeyev,VGK,LW,825000
,Pierre-Olivier Joseph,PIT,D,825000
,Sebastian Aho,NYI,D,825000
,Walker Duehr,CGY,RW,825000
,Zach Parise,COL,LW,825000
660,Jordan Spence,LAK,D,820000
,Matthew Rempe,NYR,C,820000
662,Nikita Alexandrov,STL,C,816667
663,Logan Stankoven,DAL,C,814167
664,Lukas Dostal,ANA,G,812500
,Michael Pezzetta,MTL,C,812500
,Zachary Jones,NYR,D,812500
667,Jonah Gadjovich,FLA,LW,810000
668,Jacob Bernard-Docker,OTT,D,805000
669,Blake Wheeler,NYR,RW,800000
,Brendan Lemieux,CAR,LW,800000
,Cal Foote,NJD,D,800000
,Cale Fleury,SEA,D,800000
,Chad Ruhwedel,NYR,D,800000
,Connor Dewar,TOR,C,800000
,Givani Smith,SJS,RW,800000
,Jesse Puljujarvi,PIT,RW,800000
,Jimmy Vesey,NYR,LW,800000
,Joseph Anderson,CHI,RW,800000
,Kyle MacLean,NYI,LW,800000
,Luke Glendening,TBL,C,800000
,Mackenzie Entwistle,CHI,RW,800000
,Mark Giordano,TOR,D,800000
,Michael Eyssimont,TBL,C,800000
,Patrick Brown,BOS,LW,800000
,Pontus Holmberg,TOR,RW,800000
,Reese Johnson,CHI,RW,800000
,Ryan Lomberg,FLA,LW,800000
,Samuel Bolduc,NYI,D,800000
,Thomas Novak,NSH,C,800000
,Travis Dermott,ARI,D,800000
,Tyler Motte,TBL,C,800000
,Tyler Tucker,STL,D,800000
,Yegor Chinakhov,CBJ,RW,800000
694,Luke Evangelista,NSH,RW,797500
695,Nicholas Robertson,TOR,LW,796667
696,Aliaksei Protas,WAS,C,789167
,Nikita Okhotyuk,CGY,D,789167
698,Jakub Lauko,BOS,C,787500
,Joel Hanley,CGY,D,787500
700,Austin Watson,TBL,LW,776665
701,Alexander Nylander,CBJ,RW,775000
,Ben Meyers,ANA,LW,775000
,Benoit-Olivier Groulx,ANA,C,775000
,Brayden Pachal,CGY,D,775000
,Brett Leason,ANA,RW,775000
,Caleb Jones,COL,D,775000
,Calvin de Haan,TBL,D,775000
,Carson Meyer,CBJ,RW,775000
,Chris Tierney,NJD,C,775000
,Cole Smith,NSH,LW,775000
,Colin White,MTL,C,775000
,Connor Brown,EDM,RW,775000
,Corey Perry,EDM,RW,775000
,Dakota Mermis,MIN,D,775000
,Danton Heinen,BOS,C,775000
,David Gustafsson,WPG,C,775000
,Declan Chisholm,MIN,D,775000
,Devin Cooley,SJS,G,775000
,Dryden Hunt,CGY,LW,775000
,Dylan McIlrath,WAS,D,775000
,Egor Sokolov,OTT,LW,775000
,Hudson Fasching,NYI,RW,775000
,Jack Johnson,COL,D,775000
,Jacob Lucchini,MIN,C,775000
,Jaret Anderson-Dolan,NSH,C,775000
,Jayson Megna,BOS,C,775000
,Jesper Boqvist,BOS,C,775000
,Jesse Ylönen,MTL,RW,775000
,Joel Hofer,STL,G,775000
,Joel Kiviranta,COL,LW,775000
,John Ludvig,PIT,D,775000
,Jonas Johansson,TBL,G,775000
,Justin Bailey,SJS,RW,775000
,Justin Brazeau,BOS,RW,775000
,Justus Annunen,COL,G,775000
,Kale Clague,BUF,D,775000
,Kiefer Sherwood,NSH,LW,775000
,Liam O'Brien,ARI,C,775000
,Logan Brown,TBL,C,775000
,Mark Friedman,VAN,D,775000
,Mark Jankowski,NSH,C,775000
,Martin Pospisil,CGY,C,775000
,Mason Shaw,MIN,C,775000
,Matt Tomkins,TBL,G,775000
,Michael Carcone,ARI,RW,775000
,Michael McCarron,NSH,RW,775000
,Michael Sgarbossa,WAS,C,775000
,Mitchell Chaffee,TBL,RW,775000
,Nathan Walker,STL,LW,775000
,Nick Seeler,PHI,D,775000
,Noah Gregor,TOR,C,775000
,Noah Juulsen,VAN,D,775000
,Oskar Sundqvist,STL,C,775000
,Parker Wotherspoon,BOS,D,775000
,Paul Cotter,VGK,C,775000
,Phillip di Giuseppe,VAN,LW,775000
,Pierre-Edouard Bellemare,SEA,LW,775000
,Ryan Carpenter,SJS,C,775000
,Sam Gagner,EDM,C,775000
,Scott Perunovich,STL,D,775000
,Shane Pinto,OTT,C,775000
,Simon Benoit,TOR,D,775000
,Tobias Bjornfot,FLA,D,775000
,Trevor Lewis,LAK,C,775000
,Trey Fix-Wolansky,CBJ,RW,775000
,Ty Emberson,SJS,D,775000
,Valtteri Puustinen,PIT,LW,775000
,Vinni Lettieri,MIN,C,775000
,William Lagesson,ANA,D,775000
,Yegor Zamula,PHI,D,775000
,Zack MacEwen,OTT,C,775000
772,Jonas Rondbjerg,VGK,RW,766667
773,Johnathan Kovacevic,MTL,D,766666
,Joseph Woll,TOR,G,766666
,Logan Thompson,VGK,G,766666
776,A.J. Greer,CGY,LW,762500
,Beck Malenstyn,WAS,LW,762500
,Bobby McMann,TOR,C,762500
,Brendan Gaunce,CBJ,C,762500
,Calvin Pickard,EDM,G,762500
,Chris Wideman,MTL,D,762500
,Daniil Miromanov,CGY,D,762500
,Darren Raddysh,TBL,D,762500
,Dennis Gilbert,CGY,D,762500
,Haydn Fleury,TBL,D,762500
,Jack Studnicka,SJS,C,762500
,Jacob MacDonald,SJS,D,762500
,Jacob Moverare,LAK,D,762500
,Jalen Chatfield,CAR,D,762500
,Jaycob Megna,CHI,D,762500
,Jonny Brodzinski,NYR,C,762500
,Lucas Johansen,WAS,D,762500
,Michael Amadio,VGK,C,762500
,Nick DeSimone,NJD,D,762500
,Parker Kelly,OTT,C,762500
,Spencer Martin,CAR,G,762500
,Stefan Noesen,CAR,RW,762500
,Vincent Desharnais,EDM,D,762500
799,Boris Katchouk,OTT,LW,758333
,Taylor Raddysh,CHI,RW,758333
801,Ville Heinola,WPG,D,224000
